Case number,SSID,Form,Location,Survey,Activity,Date,Notes
48797932,48065527 0241,2A,87 WOODPARK CIR SW,CENSUS,I/E,,
48797590,48065526 0071,2A,82 WOODPARK CIR SW,CENSUS,I/E,,
48797584,48065526 0075,2A,66 WOODPARK CIR SW,CENSUS,I/E,,
48797660,48065526 0089,2A,50 WOODPARK CIR SW,CENSUS,I/E,,
48797592,48065526 0188,2A,151 WOODPARK CIR SW,CENSUS,I/E,,
,,,,,,,
39411477,48065526 0106,2AL,68 WOODPARK CLOSE SW,CENSUS,I/E,,
48797719,48065526 0009,2A,31 WOODPARK CLOSE SW,CENSUS,I/E,,
39411460,48065526 0014,2AL,177 WOODPARK CLOSE SW,CENSUS,I/E,,
48797761,48065526 0032,2A,129 WOODPARK CLOSE SW,CENSUS,I/E,,
,,,,,,,
48797613,48065526 0307,2A,111 WOODPARK PL SW,CENSUS,I/E,,
39411543,48065526 0318,2AL,208 WOODPARK PL SW,CENSUS,I/E,,
48797774,48065526 0131,2A,532 WOODPARK CRES SW,CENSUS,I/E,,
39411553,48065526 0198,2AL,347 WOODPARK GREEN SW,CENSUS,I/E,,
48797683,48065526 0216,2A,2307 WOODPARK AVE SW,CENSUS,I/E,,
39411394,48065526 0022,2AL,208 WOODPARK BAY SW,CENSUS,I/E,,
48797784,48065526 0255,2A,2-359 WOODPARK CRT SW,CENSUS,I/E,,
,,,,,,,
39411707,48065527 0199,2AL,46 WOODVIEW TERR SW,CENSUS,I/E,,
48798036,48065527 0196,2A,40 WOODVIEW TERR SW,CENSUS,I/E,,
48797997,48065527 0192,2A,32 WOODVIEW TERR SW,CENSUS,I/E,,
48798045,48065527 0189,2A,26 WOODVIEW TERR SW,CENSUS,I/E,,
39411720,48065527 0179,2AL,6 WOODVIEW TERR SW,CENSUS,I/E,,
48798026,48065527 0184,2A,16 WOODVIEW TERR SW,CENSUS,I/E,,
,,,,,,,
,,,,,,,
Case number,SSID,Form,Location,Survey,Activity,Date,Notes
39411607,48065527 0055,2AL,507-2200 WOODVIEW DR SW,CENSUS,I/E,,
39411760,48065527 0215,2AL,2408 WOODVIEW DR SW,CENSUS,I/E,,
48798090,48065527 0214,2A,2404 WOODVIEW DR SW,CENSUS,I/E,,
48798145,48065527 0221,2A,BSMT-2424 WOODVIEW DR SW,CENSUS,I/E,,
48797987,48065527 0162,2A,972 WOODVIEW CRES SW,CENSUS,I/E,,
,,,,,,,
48798194,48065527 0346,2A,119 WOODSTOCK RD SW,CENSUS,I/E,,
48797614,48065526 0184,2A,144 WOODSTOCK RD SW,CENSUS,I/E,,
39411537,48065526 0166,2AL,64 WOODSTOCK RD SW,CENSUS,I/E,,
48797839,48065526 0151,2A,8 WOODSTOCK RD SW,CENSUS,I/E,,
48797565,48065526 0173,2A,92 WOODSTOCK RD SW,CENSUS,I/E,,
48797831,48065526 0156,2A,MAIN-24 WOODSTOCK RD SW,CENSUS,I/E,,
,,,,,,,
39411843,48065527 0307,2AL,163 WOODSTOCK PL SW,CENSUS,I/E,,
48798083,48065527 0312,2A,183 WOODSTOCK PL SW,CENSUS,I/E,,
48798186,48065527 0337,2A,256 WOODSTOCK PL SW,CENSUS,I/E,,
39411797,48065527 0283,2AL,40 WOODSTOCK WAY SW,CENSUS,I/E,,
39411896,48065527 0319,2AL,79 WOODSTOCK WAY SW,CENSUS,I/E,,
,,,,,,,
48797611,48065526 0300,2A,2003 117 AVE SW,CENSUS,I/E,,
39411545,48065526 0302,2AL,2011 117 AVE SW,CENSUS,I/E,,
